Dates,Dem_trifecta,Rep_Trifecta,None
2020-01-22,0.00,0.00,0.00
2020-01-23,0.00,0.00,0.00
2020-01-24,0.00,0.00,0.00
2020-01-25,0.00,0.00,0.00
2020-01-26,0.00,0.00,0.00
2020-01-27,0.00,0.00,0.00
2020-01-28,0.00,0.00,0.00
2020-01-29,0.00,0.00,0.00
2020-01-30,0.00,0.00,0.00
2020-01-31,0.00,0.00,0.00
2020-02-01,0.00,0.00,0.00
2020-02-02,0.00,0.00,0.00
2020-02-03,0.00,0.00,0.00
2020-02-04,0.00,0.00,0.00
2020-02-05,0.00,0.00,0.00
2020-02-06,0.00,0.00,0.00
2020-02-07,0.00,0.00,0.00
2020-02-08,0.00,0.00,0.00
2020-02-09,0.00,0.00,0.00
2020-02-10,0.00,0.00,0.00
2020-02-11,0.00,0.00,0.00
2020-02-12,0.00,0.00,0.00
2020-02-13,0.00,0.00,0.00
2020-02-14,0.00,0.00,0.00
2020-02-15,0.00,0.00,0.00
2020-02-16,0.00,0.00,0.00
2020-02-17,0.00,0.00,0.00
2020-02-18,0.00,0.00,0.00
2020-02-19,0.00,0.00,0.00
2020-02-20,0.00,0.00,0.00
2020-02-21,0.00,0.00,0.00
2020-02-22,0.00,0.00,0.00
2020-02-23,0.00,0.00,0.00
2020-02-24,0.00,0.00,0.00
2020-02-25,0.00,0.00,0.00
2020-02-26,0.00,0.00,0.00
2020-02-27,0.00,0.00,0.00
2020-02-28,0.00,0.00,0.00
2020-02-29,0.00,0.00,0.00
2020-03-01,0.00,0.00,0.00
2020-03-02,0.00,0.00,0.00
2020-03-03,0.00,0.00,0.01
2020-03-04,0.01,0.01,0.01
2020-03-05,0.01,0.01,0.02
2020-03-06,0.02,0.01,0.03
2020-03-07,0.02,0.01,0.04
2020-03-08,0.03,0.02,0.05
2020-03-09,0.05,0.02,0.07
2020-03-10,0.07,0.03,0.11
2020-03-11,0.09,0.04,0.14
2020-03-12,0.11,0.05,0.20
2020-03-13,0.13,0.06,0.26
2020-03-14,0.15,0.08,0.33
2020-03-15,0.20,0.11,0.44
2020-03-16,0.24,0.14,0.58
2020-03-17,0.31,0.17,0.72
2020-03-18,0.41,0.22,0.89
2020-03-19,0.58,0.28,1.07
2020-03-20,0.82,0.36,1.27
2020-03-21,1.13,0.46,1.46
2020-03-22,1.54,0.56,1.65
2020-03-23,2.06,0.68,1.85
2020-03-24,2.51,0.84,2.08
2020-03-25,3.00,1.03,2.45
2020-03-26,3.77,1.24,2.82
2020-03-27,4.54,1.50,3.23
2020-03-28,5.27,1.69,3.67
2020-03-29,6.61,1.92,3.95
2020-03-30,6.49,2.14,4.39
2020-03-31,7.18,2.42,4.88
2020-04-01,8.00,2.67,5.42
2020-04-02,8.41,2.96,6.15
2020-04-03,9.23,3.14,6.63
2020-04-04,9.88,3.34,7.24
2020-04-05,9.55,3.42,7.58
2020-04-06,10.55,3.58,8.13
2020-04-07,10.84,3.72,8.48
2020-04-08,11.17,3.85,8.68
2020-04-09,11.61,3.84,8.84
2020-04-10,11.44,3.95,9.04
2020-04-11,11.37,3.96,9.12
2020-04-12,11.43,3.99,9.21
2020-04-13,11.22,3.98,8.95
2020-04-14,11.18,3.84,8.68
2020-04-15,10.77,3.75,8.39
2020-04-16,10.65,3.84,8.17
2020-04-17,10.48,3.85,8.21
2020-04-18,10.29,3.92,8.04
2020-04-19,10.16,4.07,7.96
2020-04-20,10.28,4.19,8.07
2020-04-21,10.20,4.31,8.20
2020-04-22,10.64,4.34,8.41
2020-04-23,10.57,4.42,8.87
2020-04-24,10.76,4.44,9.42
2020-04-25,11.27,4.51,9.64
2020-04-26,11.39,4.44,9.80
2020-04-27,11.15,4.42,9.81
2020-04-28,10.99,4.38,10.02
2020-04-29,10.51,4.46,10.15
2020-04-30,10.42,4.47,9.97
2020-05-01,10.22,4.67,9.80
2020-05-02,9.61,4.72,9.77
2020-05-03,9.40,4.80,10.00
2020-05-04,9.34,4.81,9.91
2020-05-05,9.21,4.87,9.82
2020-05-06,9.11,4.91,9.78
2020-05-07,8.85,4.86,9.98
2020-05-08,8.63,4.78,9.85
2020-05-09,8.45,4.71,9.94
2020-05-10,8.20,4.60,9.70
2020-05-11,7.92,4.56,9.82
2020-05-12,7.90,4.64,9.95
2020-05-13,6.93,4.68,9.87
2020-05-14,7.49,4.72,10.15
2020-05-15,7.27,4.62,10.26
2020-05-16,7.19,4.74,10.23
2020-05-17,7.13,4.80,10.13
2020-05-18,7.34,4.81,10.34
2020-05-19,7.03,4.76,10.51
2020-05-20,7.90,4.81,10.37
2020-05-21,7.03,4.85,10.04
2020-05-22,7.09,4.93,9.77
2020-05-23,6.99,4.85,9.27
2020-05-24,6.99,4.94,9.20
2020-05-25,6.81,4.87,8.97
2020-05-26,6.77,4.75,8.45
2020-05-27,6.40,4.73,8.40
2020-05-28,6.29,4.84,8.03
2020-05-29,6.12,4.91,7.82
2020-05-30,6.07,5.01,8.24
2020-05-31,6.05,5.17,8.21
2020-06-01,5.97,5.24,7.84
2020-06-02,6.06,5.58,7.80
2020-06-03,6.05,5.73,7.73
2020-06-04,5.84,5.72,7.53
2020-06-05,5.82,5.87,7.47
2020-06-06,5.73,6.07,7.14
2020-06-07,5.44,6.07,7.07
2020-06-08,5.42,6.21,7.05
2020-06-09,5.18,6.23,6.92
2020-06-10,5.14,6.53,6.77
2020-06-11,5.21,6.85,6.52
2020-06-12,5.00,7.25,6.83
2020-06-13,5.01,7.57,6.86
2020-06-14,5.02,7.83,6.81
2020-06-15,4.90,8.20,6.77
2020-06-16,4.93,8.85,6.74
2020-06-17,4.99,9.16,6.78
2020-06-18,5.09,9.69,6.73
2020-06-19,5.36,10.28,6.19
2020-06-20,5.41,11.02,6.11
2020-06-21,5.61,11.55,6.08
2020-06-22,5.83,12.14,6.19
2020-06-23,6.18,13.04,6.48
2020-06-24,6.74,13.64,6.69
2020-06-25,7.04,15.06,7.12
2020-06-26,7.15,16.17,7.45
2020-06-27,7.52,16.87,7.54
2020-06-28,7.57,17.75,7.78
2020-06-29,7.90,18.26,8.18
2020-06-30,8.19,18.86,8.38
2020-07-01,8.59,20.51,8.87
2020-07-02,8.87,21.08,8.99
2020-07-03,9.53,21.82,9.24
2020-07-04,9.55,22.41,9.12
2020-07-05,9.73,22.45,9.32
2020-07-06,10.53,23.03,9.38
2020-07-07,10.53,23.94,9.52
2020-07-08,10.80,24.16,9.71
2020-07-09,10.79,24.66,10.00
2020-07-10,10.72,25.26,10.52
2020-07-11,10.99,26.62,11.21
2020-07-12,11.56,27.79,11.61
2020-07-13,11.26,28.35,12.00
2020-07-14,11.53,28.71,12.37
2020-07-15,11.61,29.19,12.78
2020-07-16,12.07,29.41,13.03
2020-07-17,12.41,30.02,13.00
2020-07-18,12.65,29.82,12.84
2020-07-19,12.74,29.75,13.06
2020-07-20,12.54,29.88,13.50
2020-07-21,12.82,29.50,13.55
2020-07-22,13.13,29.30,13.48
2020-07-23,13.54,29.33,13.57
2020-07-24,13.41,28.89,13.83
2020-07-25,13.82,27.96,13.86
2020-07-26,13.81,27.57,14.16
2020-07-27,13.85,27.18,14.00
2020-07-28,13.58,26.99,13.90
2020-07-29,13.08,26.77,13.67
2020-07-30,12.87,26.23,13.64
2020-07-31,12.87,25.83,13.46
2020-08-01,12.18,25.84,13.48
2020-08-02,12.24,25.30,13.12
2020-08-03,12.05,24.69,12.90
2020-08-04,11.78,24.00,13.29
2020-08-05,11.26,23.53,13.18
2020-08-06,10.58,22.96,12.82
2020-08-07,10.55,22.37,12.86
2020-08-08,10.67,21.79,12.86
2020-08-09,10.50,21.53,12.75
2020-08-10,10.71,21.45,12.27
2020-08-11,11.64,21.74,11.70
2020-08-12,12.39,21.10,11.55
2020-08-13,12.59,20.59,11.85
2020-08-14,12.60,20.06,11.64
2020-08-15,13.15,19.66,11.46
2020-08-16,13.15,19.34,11.14
2020-08-17,12.95,19.35,11.09
2020-08-18,11.93,18.55,10.81
2020-08-19,11.29,18.30,10.77
2020-08-20,11.07,18.06,10.54
2020-08-21,10.68,17.61,10.27
2020-08-22,10.02,17.15,10.44
2020-08-23,9.81,16.80,10.43
2020-08-24,9.64,16.20,10.64
2020-08-25,9.57,16.09,10.73
2020-08-26,9.51,15.98,10.99
2020-08-27,9.33,16.21,10.98
2020-08-28,9.30,16.14,11.01
2020-08-29,8.98,16.16,11.14
2020-08-30,8.90,16.19,11.25
2020-08-31,8.80,16.71,11.03
2020-09-01,8.75,16.42,11.35
2020-09-02,8.49,16.28,11.15
2020-09-03,8.54,15.92,11.40
2020-09-04,8.89,16.03,11.51
2020-09-05,9.00,16.01,11.44
2020-09-06,8.75,15.97,11.44
2020-09-07,8.52,14.72,11.45
2020-09-08,8.24,14.19,10.78
2020-09-09,7.77,13.85,10.76
2020-09-10,7.56,13.61,10.27
2020-09-11,6.90,13.35,10.40
2020-09-12,6.73,13.32,10.55
2020-09-13,6.72,13.14,10.62
2020-09-14,6.77,13.95,10.81
2020-09-15,6.77,14.58,11.26
2020-09-16,7.12,15.17,11.36
2020-09-17,7.19,15.47,11.79
2020-09-18,7.26,15.64,12.13
2020-09-19,7.35,15.75,12.10
2020-09-20,7.28,15.84,12.33
2020-09-21,7.43,16.39,12.45
2020-09-22,7.57,17.50,12.61
2020-09-23,7.64,17.18,12.65
2020-09-24,7.72,17.11,12.89
2020-09-25,7.89,17.08,12.93
2020-09-26,7.97,17.03,12.85
2020-09-27,8.10,16.94,12.99
2020-09-28,8.12,16.62,12.97
2020-09-29,8.11,15.36,13.22
2020-09-30,8.23,15.58,13.43
2020-10-01,8.28,15.57,13.46
2020-10-02,8.39,15.51,13.63
2020-10-03,8.27,15.77,14.32
2020-10-04,8.31,15.90,14.04
2020-10-05,8.38,15.84,14.61
2020-10-06,8.42,16.23,14.37
2020-10-07,8.48,16.38,15.12
2020-10-08,8.90,16.87,15.39
2020-10-09,9.07,17.27,15.87
2020-10-10,9.39,17.50,16.16
2020-10-11,9.65,17.84,16.77
2020-10-12,9.99,18.20,16.99
2020-10-13,10.40,18.37,17.70
2020-10-14,10.55,18.71,17.79
2020-10-15,10.64,19.04,18.31
2020-10-16,10.96,19.62,18.67
2020-10-17,11.10,19.86,18.12
2020-10-18,11.28,20.15,18.14
2020-10-19,11.48,20.66,19.12
2020-10-20,11.78,20.86,19.77
2020-10-21,12.32,21.33,20.20
2020-10-22,12.57,22.05,20.69
2020-10-23,13.07,22.78,21.08
2020-10-24,14.07,23.38,22.43
2020-10-25,14.62,24.17,23.22
2020-10-26,15.13,24.60,23.22
2020-10-27,15.42,25.42,24.26
2020-10-28,15.91,25.96,25.40
2020-10-29,16.61,26.57,26.19
2020-10-30,17.24,26.86,27.46
2020-10-31,17.46,27.96,28.20
2020-11-01,18.00,28.12,28.64
2020-11-02,18.66,28.76,29.72
2020-11-03,19.55,29.99,30.50
2020-11-04,20.38,31.57,31.77
2020-11-05,21.48,33.23,32.94
2020-11-06,22.75,34.71,34.86
2020-11-07,24.33,36.23,36.45
2020-11-08,25.91,37.93,37.87
2020-11-09,27.29,39.64,39.48
2020-11-10,29.10,41.95,41.30
2020-11-11,30.85,43.42,43.18
2020-11-12,32.31,44.74,45.68
2020-11-13,33.98,46.59,47.77
2020-11-14,35.01,48.51,49.04
2020-11-15,35.73,49.59,50.64
2020-11-16,37.00,50.46,52.43
2020-11-17,37.91,51.22,53.57
2020-11-18,38.45,51.76,54.90
2020-11-19,40.06,52.76,55.53
2020-11-20,40.69,53.51,56.22
2020-11-21,41.89,53.26,56.62
2020-11-22,42.80,53.55,56.94
2020-11-23,42.99,54.18,56.82
2020-11-24,43.69,54.39,56.85
2020-11-25,45.21,55.52,56.81
2020-11-26,45.10,52.85,53.78
2020-11-27,44.39,51.41,51.93
2020-11-28,43.22,49.51,51.86
2020-11-29,42.97,48.79,51.73
2020-11-30,43.19,48.55,50.23
2020-12-01,43.59,50.11,49.97
2020-12-02,43.91,51.09,50.52
2020-12-03,45.36,54.91,54.31
2020-12-04,47.78,57.30,57.22
2020-12-05,50.51,60.01,59.03
2020-12-06,52.93,61.04,60.16
2020-12-07,55.42,61.38,61.56
2020-12-08,56.62,63.67,61.99
2020-12-09,58.20,63.28,62.29
2020-12-10,59.06,62.00,61.94
2020-12-11,60.35,63.64,61.20
2020-12-12,61.54,64.39,60.30
2020-12-13,61.40,65.11,59.98
2020-12-14,62.18,66.47,59.20
2020-12-15,62.31,63.79,58.49
2020-12-16,64.64,64.48,57.37
2020-12-17,66.86,66.95,56.61
2020-12-18,67.11,66.32,55.69
2020-12-19,67.27,65.59,54.36
2020-12-20,68.90,65.54,53.02
2020-12-21,68.02,64.88,52.72
2020-12-22,67.90,65.19,52.23
2020-12-23,65.78,65.49,52.03
2020-12-24,63.18,63.45,51.30
2020-12-25,62.88,58.81,46.39
2020-12-26,59.84,56.51,44.65
2020-12-27,59.13,54.61,43.66
2020-12-28,58.91,54.48,42.81
2020-12-29,58.45,55.90,42.85
2020-12-30,57.53,56.54,44.52
2020-12-31,55.69,59.69,46.21
2021-01-01,57.45,63.24,49.24
2021-01-02,63.45,65.46,50.81
2021-01-03,63.82,69.44,52.44
2021-01-04,61.73,70.40,53.09
2021-01-05,63.95,71.40,54.11
2021-01-06,64.43,72.68,54.84
2021-01-07,68.06,73.37,55.48
2021-01-08,69.07,76.83,59.18
2021-01-09,68.34,79.24,61.06
2021-01-10,69.66,79.09,62.07
2021-01-11,73.20,79.18,62.37
2021-01-12,72.61,77.45,61.83
2021-01-13,72.87,75.53,59.39
2021-01-14,71.33,73.16,57.65
2021-01-15,69.26,70.72,55.15
2021-01-16,66.58,69.13,53.39
2021-01-17,64.75,67.14,52.72
2021-01-18,62.66,64.31,51.72
2021-01-19,59.80,60.82,49.75
2021-01-20,57.04,60.19,48.17
2021-01-21,54.28,59.50,46.84
2021-01-22,51.01,58.18,45.24
2021-01-23,48.48,56.37,44.17
2021-01-24,45.69,55.22,42.10
2021-01-25,44.87,54.22,41.67
2021-01-26,43.57,55.13,41.29
2021-01-27,42.54,53.08,40.85
2021-01-28,41.62,50.97,40.40
2021-01-29,40.55,49.69,39.66
2021-01-30,39.14,48.55,38.92
2021-01-31,37.90,47.15,38.02
2021-02-01,35.72,49.23,36.47
2021-02-02,34.49,47.66,36.54
2021-02-03,32.52,45.82,34.57
2021-02-04,31.31,44.52,32.95
2021-02-05,29.79,42.24,31.98
2021-02-06,28.58,40.78,31.09
2021-02-07,27.86,39.52,30.80
2021-02-08,26.82,35.84,29.98
2021-02-09,26.01,34.38,28.59
2021-02-10,26.00,33.29,27.94
2021-02-11,25.32,31.51,27.58
2021-02-12,24.25,30.53,26.21
2021-02-13,23.31,29.47,25.24
2021-02-14,21.88,28.85,24.01
2021-02-15,20.77,27.80,23.50
2021-02-16,20.12,25.65,21.96
2021-02-17,19.09,23.57,21.22
2021-02-18,18.12,21.87,20.05
2021-02-19,17.51,20.26,19.49
2021-02-20,16.84,19.36,18.76
2021-02-21,16.38,18.78,18.52
2021-02-22,16.18,18.92,18.10
2021-02-23,16.07,20.09,18.56
2021-02-24,16.34,20.67,18.51
2021-02-25,16.49,21.07,18.24
2021-02-26,16.41,21.26,17.98
2021-02-27,16.41,21.41,17.93
2021-02-28,16.22,21.26,17.68
2021-03-01,16.13,20.95,17.62
2021-03-02,15.75,19.93,16.99
2021-03-03,15.47,19.67,16.67
2021-03-04,15.01,19.48,16.45
2021-03-05,14.68,19.04,16.06
2021-03-06,14.55,18.20,15.89
2021-03-07,14.34,17.73,15.51
2021-03-08,14.10,17.13,15.38
2021-03-09,14.30,16.69,15.74
2021-03-10,14.52,16.10,15.75
2021-03-11,14.50,15.58,15.73
2021-03-12,14.61,15.43,15.85
2021-03-13,14.36,15.00,15.98
2021-03-14,14.33,15.18,16.27
2021-03-15,14.28,15.11,16.58
2021-03-16,14.12,14.95,16.86
2021-03-17,13.71,14.90,17.14
2021-03-18,13.99,14.75,17.64
2021-03-19,13.99,14.25,18.11
2021-03-20,14.24,14.34,18.74
2021-03-21,14.41,13.87,18.96
2021-03-22,14.49,13.88,19.64
2021-03-23,14.80,13.94,20.11
2021-03-24,15.08,13.87,21.21
2021-03-25,14.98,13.76,21.90
2021-03-26,15.26,14.26,22.85
2021-03-27,15.47,14.20,23.29
2021-03-28,15.85,14.37,23.78
2021-03-29,16.33,14.63,24.42
2021-03-30,16.58,14.44,25.18
2021-03-31,16.59,14.65,25.15
2021-04-01,17.18,14.81,25.54
2021-04-02,17.11,14.47,25.53
2021-04-03,17.34,14.30,25.84
2021-04-04,17.22,13.99,25.38
2021-04-05,17.06,13.81,25.71
2021-04-06,16.78,14.08,26.03
2021-04-07,17.08,14.18,26.42
2021-04-08,16.86,14.43,26.65
2021-04-09,17.15,14.55,27.18
2021-04-10,17.26,14.91,27.26
2021-04-11,17.60,14.99,28.02
2021-04-12,17.53,15.54,27.93
2021-04-13,17.94,15.98,28.13
2021-04-14,17.92,15.71,28.07
2021-04-15,17.85,15.54,27.92
2021-04-16,17.62,15.54,27.46
2021-04-17,17.44,16.81,27.24
2021-04-18,17.17,16.96,26.83
2021-04-19,16.72,15.29,25.97
2021-04-20,16.19,14.85,24.91
2021-04-21,15.88,14.94,24.03
2021-04-22,15.73,14.59,23.26
2021-04-23,15.28,14.68,22.39
2021-04-24,14.64,13.03,21.75
2021-04-25,14.17,12.83,21.39
2021-04-26,13.95,13.78,20.85
2021-04-27,13.66,13.64,20.36
2021-04-28,13.27,13.44,19.85
2021-04-29,12.87,13.47,19.45
2021-04-30,12.64,13.09,19.23
2021-05-01,12.54,13.20,18.67
2021-05-02,12.35,13.18,18.30
2021-05-03,12.26,12.91,17.86
2021-05-04,12.04,12.58,17.40
2021-05-05,11.87,12.13,16.77
2021-05-06,11.37,11.71,15.98
2021-05-07,11.10,11.36,15.21
2021-05-08,10.63,10.93,14.65
2021-05-09,10.30,10.69,14.02
2021-05-10,9.92,10.41,13.57
2021-05-11,9.56,10.13,12.94
2021-05-12,9.07,9.98,12.39
2021-05-13,8.90,10.25,11.82
2021-05-14,8.45,10.08,11.10
2021-05-15,8.17,9.80,10.77
2021-05-16,7.89,9.59,10.46
2021-05-17,7.72,9.43,10.12
2021-05-18,7.49,9.29,9.75
2021-05-19,7.26,8.90,9.34
2021-05-20,6.90,8.14,8.99
2021-05-21,6.64,7.80,8.71
2021-05-22,6.35,7.55,8.23
2021-05-23,6.06,7.43,7.93
2021-05-24,5.85,7.28,7.67
2021-05-25,5.89,7.09,7.42
2021-05-26,5.83,6.97,7.04
2021-05-27,5.66,6.77,6.59
2021-05-28,5.86,6.58,6.13
2021-05-29,5.60,6.36,5.72
2021-05-30,5.53,6.19,5.49
2021-05-31,5.42,5.91,5.22
2021-06-01,4.90,5.13,4.54
2021-06-02,4.48,4.93,4.21
2021-06-03,4.20,4.92,3.96
2021-06-04,3.58,4.90,3.76
2021-06-05,3.56,4.92,3.64
2021-06-06,3.45,4.94,3.52
2021-06-07,3.42,5.02,3.49
2021-06-08,3.55,5.37,3.61
2021-06-09,3.54,5.80,3.46
2021-06-10,3.47,5.69,3.34
2021-06-11,3.34,5.46,3.12
2021-06-12,3.20,5.43,2.95
2021-06-13,3.12,5.34,2.84
2021-06-14,3.05,5.29,2.75
2021-06-15,2.97,5.24,2.68
2021-06-16,2.92,4.69,2.61
2021-06-17,2.86,4.59,2.49
2021-06-18,2.81,4.44,2.44
2021-06-19,2.78,4.51,2.37
2021-06-20,2.75,4.59,2.34
2021-06-21,2.77,4.62,2.33
2021-06-22,2.75,4.75,2.24
2021-06-23,2.80,4.78,2.25
2021-06-24,2.90,4.92,2.24
2021-06-25,3.06,5.13,2.19
2021-06-26,3.13,5.15,2.22
2021-06-27,3.28,5.17,2.26
2021-06-28,3.32,5.32,2.27
2021-06-29,3.35,5.48,2.33
2021-06-30,2.65,5.81,2.37
2021-07-01,2.68,6.05,2.44
2021-07-02,2.64,6.21,2.55
2021-07-03,2.41,6.33,2.65
2021-07-04,2.14,6.48,2.74
2021-07-05,2.00,6.41,2.82
2021-07-06,2.55,6.46,2.76
2021-07-07,3.32,6.80,2.99
2021-07-08,3.36,7.55,3.21
2021-07-09,3.56,8.30,3.47
2021-07-10,3.72,8.83,3.64
2021-07-11,3.85,9.24,3.82
2021-07-12,5.12,10.12,4.00
2021-07-13,5.20,11.23,4.56
2021-07-14,5.61,12.29,4.95
2021-07-15,6.07,12.97,5.34
2021-07-16,6.46,13.90,5.77
2021-07-17,6.62,14.70,6.13
2021-07-18,6.81,15.51,6.41
2021-07-19,7.64,16.27,6.71
2021-07-20,7.90,17.34,7.30
2021-07-21,8.40,18.59,8.40
2021-07-22,9.74,20.21,9.15
2021-07-23,10.53,21.83,9.99
2021-07-24,10.85,23.32,10.73
2021-07-25,11.09,24.25,11.40
2021-07-26,12.29,25.58,12.07
2021-07-27,13.04,27.50,13.76
2021-07-28,13.64,29.43,14.43
2021-07-29,13.85,31.38,15.63
2021-07-30,14.52,33.65,16.89
2021-07-31,14.87,35.53,17.82
2021-08-01,15.16,36.59,18.70
2021-08-02,16.96,37.79,19.52
2021-08-03,17.52,39.55,19.94
2021-08-04,18.61,41.94,20.84
2021-08-05,19.52,43.45,21.92
2021-08-06,20.58,44.24,22.90
2021-08-07,22.79,45.85,23.99
2021-08-08,25.00,47.19,24.83
2021-08-09,22.50,47.91,25.44
2021-08-10,22.93,49.46,26.40
2021-08-11,23.33,50.20,27.46
2021-08-12,23.67,51.64,28.59
2021-08-13,24.16,52.55,29.82
2021-08-14,24.79,53.77,30.25
2021-08-15,25.11,54.55,30.88
2021-08-16,25.50,55.60,31.27
2021-08-17,25.96,56.58,31.73
2021-08-18,26.79,57.99,32.36
2021-08-19,28.55,58.40,33.36
2021-08-20,29.12,59.70,33.66
2021-08-21,29.19,59.85,33.68
2021-08-22,29.55,61.09,33.55
2021-08-23,29.61,61.49,34.88
2021-08-24,29.72,62.04,35.88
2021-08-25,29.58,62.34,37.27
2021-08-26,28.97,63.70,37.81
2021-08-27,29.32,64.74,38.55
2021-08-28,29.57,64.99,39.19
2021-08-29,29.45,63.97,39.50
2021-08-30,30.24,64.94,39.89
2021-08-31,30.65,65.92,40.20
2021-09-01,32.43,66.96,39.65
2021-09-02,32.43,66.49,39.92
2021-09-03,32.06,66.67,40.12
2021-09-04,31.38,66.38,40.14
2021-09-05,31.52,67.10,40.07
2021-09-06,30.66,65.46,40.11
2021-09-07,29.34,61.95,37.21
2021-09-08,27.00,60.65,37.79
2021-09-09,26.35,61.10,37.95
2021-09-10,26.17,59.90,38.47
2021-09-11,26.87,60.33,38.76
2021-09-12,26.42,59.52,39.13
2021-09-13,26.16,59.84,39.41
2021-09-14,27.65,61.48,42.60
2021-09-15,27.72,60.27,43.21
2021-09-16,28.30,57.98,43.42
2021-09-17,28.01,56.83,43.33
2021-09-18,27.21,54.43,43.08
2021-09-19,26.94,52.68,43.06
2021-09-20,26.60,50.94,42.85
2021-09-21,25.51,48.80,42.94
2021-09-22,25.05,46.87,41.73
2021-09-23,24.28,44.86,41.02
2021-09-24,23.64,43.34,40.03
2021-09-25,22.37,41.84,39.75
2021-09-26,21.01,41.17,39.38
2021-09-27,23.13,40.60,39.05
2021-09-28,22.76,39.44,38.56
2021-09-29,22.73,38.09,38.09
2021-09-30,22.42,37.43,37.25
2021-10-01,22.38,36.03,37.53
2021-10-02,22.22,35.14,36.83
2021-10-03,22.19,34.36,36.72
2021-10-04,21.47,33.40,36.65
2021-10-05,21.21,32.38,36.27
2021-10-06,21.05,31.48,36.47
2021-10-07,20.82,30.57,36.51
2021-10-08,20.54,29.87,36.02
2021-10-09,20.43,28.76,36.06
2021-10-10,20.19,28.38,35.66
2021-10-11,20.05,27.65,34.73
2021-10-12,19.85,26.83,34.35
2021-10-13,19.49,26.26,33.84
2021-10-14,19.10,25.17,33.32
2021-10-15,18.80,24.09,32.80
2021-10-16,18.74,23.70,32.27
2021-10-17,18.72,23.01,31.67
2021-10-18,18.44,22.84,31.23
2021-10-19,18.40,22.31,30.59
2021-10-20,18.16,21.28,29.26
2021-10-21,18.26,20.73,28.64
2021-10-22,18.27,20.31,27.55
2021-10-23,17.60,19.32,25.70
2021-10-24,16.96,18.62,24.07
2021-10-25,15.93,19.27,26.60
2021-10-26,18.55,19.59,26.34
2021-10-27,18.76,19.97,26.76
2021-10-28,18.99,19.50,26.35
2021-10-29,19.20,19.72,26.64
2021-10-30,19.18,19.66,26.56
2021-10-31,19.36,19.59,26.39
2021-11-01,21.97,19.88,26.55
2021-11-02,19.50,18.95,26.67
2021-11-03,19.32,18.45,26.89
2021-11-04,19.74,18.50,27.37
2021-11-05,19.94,18.18,28.04
2021-11-06,20.19,18.06,28.09
2021-11-07,20.35,18.32,28.24
2021-11-08,20.59,18.58,28.77
2021-11-09,20.76,19.03,29.28
2021-11-10,21.61,19.26,30.00
2021-11-11,20.65,19.09,28.94
2021-11-12,20.98,20.42,31.97
2021-11-13,22.62,20.78,32.33
2021-11-14,22.73,20.71,32.61
2021-11-15,21.99,21.21,35.77
2021-11-16,22.35,21.34,37.46
2021-11-17,22.64,21.76,38.73
2021-11-18,24.08,22.79,41.84
2021-11-19,24.25,22.48,40.82
2021-11-20,22.90,22.66,41.01
2021-11-21,22.94,22.74,41.23
2021-11-22,24.13,22.95,41.22
2021-11-23,24.40,23.08,41.32
2021-11-24,24.11,23.04,42.15
2021-11-25,22.87,21.24,39.58
2021-11-26,21.85,20.08,37.37
2021-11-27,22.38,19.94,37.87
2021-11-28,23.55,20.35,38.76
2021-11-29,20.55,19.34,35.48
2021-11-30,21.12,20.14,36.71
2021-12-01,22.15,21.13,37.79
2021-12-02,25.27,23.55,42.01
2021-12-03,27.66,25.89,46.92
2021-12-04,27.69,27.19,47.40
2021-12-05,27.06,27.64,46.87
2021-12-06,32.49,29.78,51.45
2021-12-07,33.24,29.57,51.55
2021-12-08,33.08,29.52,51.12
2021-12-09,32.56,29.91,49.93
2021-12-10,32.35,28.96,49.02
2021-12-11,32.28,28.58,49.17
2021-12-12,32.27,28.34,49.62
2021-12-13,32.16,28.19,49.86
2021-12-14,31.94,28.28,49.09
2021-12-15,32.61,29.02,48.93
2021-12-16,33.08,29.84,49.63
2021-12-17,34.37,31.22,49.12
2021-12-18,35.30,32.83,49.24
2021-12-19,36.32,34.60,49.43
2021-12-20,39.89,37.60,50.40
2021-12-21,42.15,41.12,52.53
2021-12-22,45.99,44.76,55.47
2021-12-23,51.71,49.36,57.53
2021-12-24,57.34,52.52,59.39
2021-12-25,58.77,53.20,61.21
2021-12-26,63.02,56.90,61.90
2021-12-27,67.59,65.37,70.70
2021-12-28,76.72,71.99,75.51
2021-12-29,84.68,81.31,86.96
2021-12-30,97.25,93.19,99.25
2021-12-31,109.40,101.37,108.97
2022-01-01,117.44,110.44,115.25
2022-01-02,120.08,119.33,119.70
2022-01-03,135.45,138.56,143.84
2022-01-04,156.49,149.03,156.52
2022-01-05,167.66,159.01,165.75
2022-01-06,177.14,167.22,175.79
2022-01-07,192.52,182.78,194.52
2022-01-08,195.24,192.97,198.99
2022-01-09,199.78,194.53,204.11
2022-01-10,237.62,195.30,216.34
2022-01-11,237.40,201.54,221.85
2022-01-12,243.10,206.90,230.02
2022-01-13,252.29,212.12,231.48
2022-01-14,248.17,214.73,232.59
2022-01-15,244.62,219.53,232.31
2022-01-16,240.20,220.65,234.99
2022-01-17,230.25,215.48,209.24
2022-01-18,223.02,219.80,223.31
2022-01-19,216.23,219.39,224.26
2022-01-20,209.72,214.82,220.95
2022-01-21,208.20,211.05,216.43
2022-01-22,204.45,201.76,213.32
2022-01-23,201.19,201.99,205.94
2022-01-24,200.85,203.76,211.49
2022-01-25,188.31,191.26,188.02
2022-01-26,183.41,180.47,173.01
2022-01-27,173.95,172.43,165.25
2022-01-28,160.32,163.90,154.28
2022-01-29,157.75,157.82,149.51
2022-01-30,155.19,147.92,145.88
2022-01-31,128.15,134.46,130.79
2022-02-01,121.47,125.50,121.38
2022-02-02,109.24,117.47,110.13
2022-02-03,100.66,108.04,99.41
2022-02-04,90.45,96.95,87.67
2022-02-05,87.75,90.05,82.56
2022-02-06,85.43,87.43,79.85
2022-02-07,67.95,77.77,71.34
2022-02-08,67.32,71.34,65.98
2022-02-09,66.72,64.17,60.27
2022-02-10,53.34,58.97,55.52
2022-02-11,48.74,54.09,50.35
2022-02-12,47.57,51.17,50.46
2022-02-13,46.69,47.23,50.26
2022-02-14,41.20,42.98,44.13
2022-02-15,35.56,40.56,40.49
2022-02-16,30.69,37.60,36.71
2022-02-17,29.08,33.54,34.27
2022-02-18,27.46,31.09,31.54
2022-02-19,26.66,29.49,30.62
2022-02-20,26.98,27.97,30.01
2022-02-21,18.58,24.59,25.39
2022-02-22,22.00,23.00,24.60
2022-02-23,20.32,21.63,23.67
2022-02-24,20.14,20.40,21.75
2022-02-25,19.63,18.61,20.45
2022-02-26,19.53,17.59,19.67
2022-02-27,19.18,16.91,19.14
2022-02-28,22.57,16.64,18.96
2022-03-01,16.72,15.10,16.93
2022-03-02,16.34,14.32,15.17
2022-03-03,15.71,13.07,14.13
2022-03-04,14.21,12.06,12.38
2022-03-05,13.94,11.51,11.69
2022-03-06,13.33,11.22,11.37
2022-03-07,11.88,10.86,11.13
2022-03-08,11.58,10.24,10.44
2022-03-09,11.22,10.23,9.63
2022-03-10,10.45,9.93,9.07
2022-03-11,10.19,9.79,8.70
2022-03-12,10.12,9.59,8.75
2022-03-13,10.12,9.64,8.76
2022-03-14,9.60,8.69,7.94
2022-03-15,9.48,8.31,7.71
2022-03-16,9.20,7.76,7.68
2022-03-17,8.62,7.62,7.58
2022-03-18,8.54,7.05,7.46
2022-03-19,8.57,6.87,7.35
2022-03-20,8.51,6.94,7.32
2022-03-21,9.00,6.72,7.26
2022-03-22,8.94,6.83,7.12
2022-03-23,9.22,6.49,6.81
2022-03-24,9.38,6.34,6.64
2022-03-25,9.14,6.25,6.67
2022-03-26,9.15,6.21,6.66
2022-03-27,9.28,5.99,6.65
2022-03-28,8.44,5.98,6.63
2022-03-29,8.53,5.61,6.69
2022-03-30,8.26,6.12,6.73
2022-03-31,8.47,6.04,6.86
2022-04-01,8.77,5.69,6.84
2022-04-02,8.91,5.70,6.84
2022-04-03,8.85,5.78,6.74
2022-04-04,8.21,5.69,6.83
2022-04-05,9.62,5.62,6.83
2022-04-06,10.12,5.17,7.47
2022-04-07,9.57,5.34,7.58
2022-04-08,10.74,5.83,7.65
2022-04-09,10.95,5.89,7.77
2022-04-10,11.43,5.94,7.92
2022-04-11,11.83,5.99,8.32
2022-04-12,10.75,6.00,8.87
2022-04-13,10.54,5.74,10.11
2022-04-14,13.52,5.87,10.72
2022-04-15,13.39,5.94,11.37
2022-04-16,13.65,5.99,11.51
2022-04-17,13.67,6.04,11.59
2022-04-18,13.97,6.19,11.35
2022-04-19,16.08,6.37,12.25
2022-04-20,16.54,6.76,13.06
2022-04-21,14.32,7.14,13.24
2022-04-22,16.86,7.22,13.59
2022-04-23,17.18,7.46,13.83
2022-04-24,17.34,7.59,13.98
2022-04-25,17.96,7.66,15.22
2022-04-26,19.19,7.84,15.30
2022-04-27,19.72,8.42,16.77
2022-04-28,20.40,8.65,17.50
2022-04-29,20.97,9.13,18.29
2022-04-30,21.17,9.17,18.45
2022-05-01,21.36,9.28,18.55
2022-05-02,21.93,9.59,19.57
2022-05-03,23.16,9.59,19.31
2022-05-04,23.97,10.21,21.32
2022-05-05,24.36,11.13,22.30
2022-05-06,25.39,11.19,23.43
2022-05-07,25.97,11.06,23.13
2022-05-08,26.30,10.87,23.05
2022-05-09,27.48,12.14,25.78
2022-05-10,29.03,12.69,27.43
2022-05-11,29.72,13.51,29.21
2022-05-12,30.59,13.90,30.46
2022-05-13,30.61,15.24,31.59
2022-05-14,29.87,15.84,31.85
2022-05-15,31.09,16.45,32.05
2022-05-16,32.15,15.90,33.73
2022-05-17,34.53,16.39,34.41
2022-05-18,34.95,17.35,35.76
2022-05-19,34.87,18.52,35.90
2022-05-20,39.13,18.79,35.62
2022-05-21,39.51,19.14,35.77
2022-05-22,38.49,19.56,35.83
2022-05-23,37.57,20.16,35.53
2022-05-24,38.04,20.47,35.20
2022-05-25,38.20,21.53,34.56
2022-05-26,37.94,22.11,34.33
2022-05-27,36.99,22.99,33.79
2022-05-28,36.50,23.39,33.72
2022-05-29,35.36,23.63,33.68
2022-05-30,32.28,22.83,29.98
2022-05-31,35.14,22.85,30.18
2022-06-01,34.08,23.65,28.31
2022-06-02,33.74,23.88,28.36
2022-06-03,32.85,23.42,28.98
2022-06-04,33.34,24.11,29.14
2022-06-05,34.06,24.35,29.17
2022-06-06,36.59,26.01,30.29
2022-06-07,35.29,26.37,30.55
2022-06-08,35.43,26.87,30.06
2022-06-09,35.07,27.19,29.20
2022-06-10,36.50,27.43,28.16
2022-06-11,35.98,26.94,27.99
2022-06-12,35.70,26.91,27.86
2022-06-13,34.90,26.80,27.87
2022-06-14,33.79,27.20,26.57
2022-06-15,33.52,27.64,26.00
2022-06-16,33.27,27.45,25.23
2022-06-17,30.63,27.75,24.48
2022-06-18,30.57,27.61,24.48
2022-06-19,30.54,27.31,24.51
2022-06-20,28.59,26.44,21.87
2022-06-21,30.35,27.97,25.35
2022-06-22,30.06,28.36,23.43
2022-06-23,30.15,28.77,23.34
2022-06-24,33.36,29.71,23.90
2022-06-25,33.60,30.32,23.94
2022-06-26,33.42,31.13,24.02
2022-06-27,35.76,32.34,26.31
2022-06-28,33.93,30.95,25.57
2022-06-29,34.63,31.85,25.60
2022-06-30,34.78,32.53,25.92
2022-07-01,34.95,33.03,25.99
2022-07-02,35.00,33.08,26.56
2022-07-03,34.97,33.00,26.96
2022-07-04,32.83,31.73,23.27
2022-07-05,34.52,31.78,23.71
2022-07-06,33.85,32.32,22.88
2022-07-07,33.44,32.42,24.67
2022-07-08,32.62,32.57,25.15
2022-07-09,32.69,33.13,25.41
2022-07-10,33.14,33.61,25.59
2022-07-11,35.39,36.77,28.45
2022-07-12,36.41,37.50,28.07
2022-07-13,36.36,37.85,29.30
2022-07-14,36.70,38.78,30.39
2022-07-15,38.36,39.28,29.96
2022-07-16,38.75,39.20,29.91
2022-07-17,38.68,39.10,29.95
2022-07-18,38.53,38.24,29.86
2022-07-19,37.40,38.36,30.04
2022-07-20,37.45,38.60,30.22
2022-07-21,37.84,38.63,31.35
2022-07-22,37.38,38.81,31.55
2022-07-23,36.86,38.70,31.70
2022-07-24,36.91,38.63,31.74
2022-07-25,37.18,38.82,32.07
2022-07-26,36.16,38.40,32.44
2022-07-27,35.93,38.81,32.59
2022-07-28,35.56,38.84,32.38
2022-07-29,33.79,38.49,32.77
2022-07-30,33.71,37.05,32.64
2022-07-31,33.54,35.67,32.52
2022-08-01,32.96,37.48,32.42
2022-08-02,31.93,37.52,32.54
2022-08-03,31.92,36.60,32.04
2022-08-04,31.43,35.92,31.73
2022-08-05,30.31,35.58,30.93
2022-08-06,30.16,35.27,30.84
2022-08-07,30.01,35.10,30.73
2022-08-08,29.36,34.20,29.73
2022-08-09,27.63,33.51,29.13
2022-08-10,26.97,33.05,28.95
2022-08-11,26.94,32.43,29.07
2022-08-12,25.84,32.05,28.72
2022-08-13,25.67,32.02,28.56
2022-08-14,25.53,31.92,28.33
2022-08-15,25.35,31.25,28.56
2022-08-16,24.05,31.05,29.15
2022-08-17,23.71,29.93,28.50
2022-08-18,23.54,29.78,27.16
2022-08-19,23.03,29.35,26.96
2022-08-20,22.90,29.22,27.03
2022-08-21,22.85,29.19,27.12
2022-08-22,22.61,28.94,26.07
2022-08-23,21.92,29.03,25.06
2022-08-24,21.90,28.70,27.53
2022-08-25,21.86,28.32,27.71
2022-08-26,21.28,27.93,27.17
2022-08-27,21.40,27.88,27.18
2022-08-28,21.32,27.92,27.14
2022-08-29,21.33,27.64,27.02
2022-08-30,20.48,28.44,26.92
2022-08-31,20.41,27.49,26.97
2022-09-01,20.22,27.33,26.36
2022-09-02,19.45,27.05,26.08
2022-09-03,19.34,26.80,25.90
2022-09-04,19.31,26.71,25.74
2022-09-05,17.63,23.23,24.39
2022-09-06,17.89,23.94,23.37
2022-09-07,17.46,22.10,22.07
2022-09-08,17.27,20.96,21.03
2022-09-09,15.36,20.10,21.08
2022-09-10,15.24,20.01,20.91
2022-09-11,15.28,19.64,20.86
2022-09-12,16.55,21.87,21.47
2022-09-13,12.36,18.81,21.56
2022-09-14,12.52,18.43,21.59
2022-09-15,15.36,17.41,21.61
2022-09-16,13.74,17.08,20.82
2022-09-17,13.82,16.70,20.55
2022-09-18,13.79,16.70,20.41
2022-09-19,13.40,15.75,20.16
2022-09-20,13.12,15.51,19.56
2022-09-21,13.90,14.45,19.25
2022-09-22,15.21,13.50,19.20
2022-09-23,15.15,12.84,18.98
2022-09-24,15.23,12.86,18.55
2022-09-25,15.26,12.59,18.24
2022-09-26,15.16,11.94,18.28
2022-09-27,15.01,11.51,17.67
2022-09-28,14.59,10.65,16.66
2022-09-29,13.81,10.29,16.20
2022-09-30,13.67,9.61,16.37
2022-10-01,13.56,9.48,16.12
2022-10-02,13.56,9.47,15.98
2022-10-03,13.57,8.92,16.00
2022-10-04,13.46,8.95,15.66
2022-10-05,13.40,9.01,15.32
2022-10-06,13.01,8.68,15.13
2022-10-07,12.84,8.40,14.96
2022-10-08,12.76,8.40,14.93
2022-10-09,12.70,8.35,14.93
2022-10-10,12.08,8.04,14.88
2022-10-11,12.43,7.96,14.71
2022-10-12,12.18,7.55,14.85
2022-10-13,11.61,7.72,14.45
2022-10-14,11.29,7.54,14.08
2022-10-15,10.98,7.53,14.01
2022-10-16,10.87,7.55,13.94
2022-10-17,11.74,7.67,13.72
2022-10-18,11.27,7.42,13.55

(1001 rows affected)


Completion time: 2023-04-19T20:35:56.7668506-04:00
