Dates,Northeast,South,West,Midwest
2020-01-22,0.00,0.00,0.00,0.00
2020-01-23,0.00,0.00,0.00,0.00
2020-01-24,0.00,0.00,0.00,0.00
2020-01-25,0.00,0.00,0.00,0.00
2020-01-26,0.00,0.00,0.00,0.00
2020-01-27,0.00,0.00,0.00,0.00
2020-01-28,0.00,0.00,0.00,0.00
2020-01-29,0.00,0.00,0.00,0.00
2020-01-30,0.00,0.00,0.00,0.00
2020-01-31,0.00,0.00,0.00,0.00
2020-02-01,0.00,0.00,0.00,0.00
2020-02-02,0.00,0.00,0.00,0.00
2020-02-03,0.00,0.00,0.00,0.00
2020-02-04,0.00,0.00,0.00,0.00
2020-02-05,0.00,0.00,0.00,0.00
2020-02-06,0.00,0.00,0.00,0.00
2020-02-07,0.00,0.00,0.00,0.00
2020-02-08,0.00,0.00,0.00,0.00
2020-02-09,0.00,0.00,0.00,0.00
2020-02-10,0.00,0.00,0.00,0.00
2020-02-11,0.00,0.00,0.00,0.00
2020-02-12,0.00,0.00,0.00,0.00
2020-02-13,0.00,0.00,0.00,0.00
2020-02-14,0.00,0.00,0.00,0.00
2020-02-15,0.00,0.00,0.00,0.00
2020-02-16,0.00,0.00,0.00,0.00
2020-02-17,0.00,0.00,0.00,0.00
2020-02-18,0.00,0.00,0.00,0.00
2020-02-19,0.00,0.00,0.00,0.00
2020-02-20,0.00,0.00,0.00,0.00
2020-02-21,0.00,0.00,0.00,0.00
2020-02-22,0.00,0.00,0.00,0.00
2020-02-23,0.00,0.00,0.00,0.00
2020-02-24,0.00,0.00,0.00,0.00
2020-02-25,0.00,0.00,0.00,0.00
2020-02-26,0.00,0.00,0.00,0.00
2020-02-27,0.00,0.00,0.00,0.00
2020-02-28,0.00,0.00,0.00,0.00
2020-02-29,0.00,0.00,0.00,0.00
2020-03-01,0.00,0.00,0.00,0.00
2020-03-02,0.00,0.00,0.00,0.01
2020-03-03,0.00,0.00,0.01,0.01
2020-03-04,0.00,0.01,0.01,0.02
2020-03-05,0.00,0.01,0.01,0.02
2020-03-06,0.01,0.01,0.02,0.03
2020-03-07,0.01,0.01,0.03,0.04
2020-03-08,0.02,0.02,0.04,0.05
2020-03-09,0.04,0.02,0.05,0.08
2020-03-10,0.06,0.03,0.07,0.11
2020-03-11,0.08,0.04,0.09,0.15
2020-03-12,0.10,0.05,0.10,0.21
2020-03-13,0.11,0.07,0.12,0.28
2020-03-14,0.13,0.09,0.15,0.36
2020-03-15,0.18,0.12,0.18,0.48
2020-03-16,0.22,0.16,0.22,0.63
2020-03-17,0.31,0.20,0.25,0.81
2020-03-18,0.45,0.25,0.28,1.01
2020-03-19,0.72,0.32,0.35,1.20
2020-03-20,1.06,0.41,0.46,1.42
2020-03-21,1.59,0.52,0.54,1.62
2020-03-22,2.27,0.63,0.63,1.82
2020-03-23,3.17,0.73,0.77,2.06
2020-03-24,4.03,0.91,0.87,2.25
2020-03-25,4.94,1.14,1.07,2.47
2020-03-26,6.33,1.36,1.29,2.80
2020-03-27,7.76,1.60,1.55,3.12
2020-03-28,9.10,1.80,1.86,3.39
2020-03-29,10.22,2.00,3.06,3.67
2020-03-30,11.47,2.24,2.20,3.97
2020-03-31,12.52,2.58,2.55,4.33
2020-04-01,13.94,2.91,2.81,4.71
2020-04-02,14.87,3.44,3.01,4.86
2020-04-03,16.49,3.75,3.16,5.06
2020-04-04,17.75,4.13,3.29,5.36
2020-04-05,18.47,4.29,2.50,5.41
2020-04-06,19.17,4.64,3.57,5.57
2020-04-07,19.94,4.89,3.55,5.67
2020-04-08,20.76,5.10,3.48,5.74
2020-04-09,21.83,5.00,3.56,5.83
2020-04-10,21.77,5.16,3.43,5.91
2020-04-11,22.18,5.05,3.37,5.86
2020-04-12,22.28,5.13,3.29,5.99
2020-04-13,21.85,5.03,3.23,5.92
2020-04-14,21.84,4.79,3.10,5.87
2020-04-15,21.06,4.54,3.08,5.77
2020-04-16,20.65,4.52,3.09,5.89
2020-04-17,20.24,4.44,3.16,6.08
2020-04-18,19.46,4.47,3.17,6.31
2020-04-19,19.40,4.36,3.18,6.55
2020-04-20,19.58,4.44,3.17,6.84
2020-04-21,19.06,4.50,3.43,7.13
2020-04-22,19.44,4.59,3.67,7.39
2020-04-23,19.41,4.71,3.71,7.73
2020-04-24,19.94,4.70,3.92,8.09
2020-04-25,20.68,4.83,4.07,8.31
2020-04-26,20.62,4.97,4.06,8.35
2020-04-27,19.77,4.89,4.19,8.63
2020-04-28,19.49,4.90,4.10,8.83
2020-04-29,18.71,4.86,3.99,9.22
2020-04-30,17.80,4.81,4.18,9.51
2020-05-01,16.71,5.13,4.04,9.87
2020-05-02,15.39,5.15,4.02,10.03
2020-05-03,14.76,5.21,4.09,10.46
2020-05-04,14.35,5.26,4.12,10.49
2020-05-05,13.98,5.31,4.07,10.60
2020-05-06,13.41,5.33,4.27,10.68
2020-05-07,12.91,5.36,4.06,10.97
2020-05-08,12.36,5.12,4.18,11.07
2020-05-09,11.73,5.10,4.25,11.22
2020-05-10,11.33,5.12,4.30,10.54
2020-05-11,10.88,5.11,4.25,10.58
2020-05-12,10.28,5.16,4.28,11.23
2020-05-13,9.88,5.34,3.16,10.89
2020-05-14,9.51,5.43,4.15,11.22
2020-05-15,9.05,5.44,4.09,11.20
2020-05-16,8.97,5.62,4.04,11.05
2020-05-17,8.66,5.60,4.06,11.22
2020-05-18,8.98,5.64,4.12,11.43
2020-05-19,8.96,5.78,4.09,10.81
2020-05-20,9.07,5.77,5.12,10.92
2020-05-21,8.76,5.88,4.16,10.39
2020-05-22,8.57,5.94,4.19,10.30
2020-05-23,7.99,5.81,4.27,9.98
2020-05-24,7.79,5.86,4.27,10.16
2020-05-25,7.34,5.93,4.32,9.67
2020-05-26,7.00,5.78,4.42,9.18
2020-05-27,6.47,5.76,4.40,8.93
2020-05-28,6.10,5.80,4.58,8.53
2020-05-29,5.96,5.88,4.68,8.00
2020-05-30,5.89,6.05,4.89,8.13
2020-05-31,5.62,6.27,5.28,7.75
2020-06-01,5.39,6.27,5.41,7.37
2020-06-02,5.42,6.48,5.65,7.44
2020-06-03,5.26,6.61,5.84,7.30
2020-06-04,5.06,6.58,5.74,7.05
2020-06-05,4.71,6.68,6.11,6.93
2020-06-06,4.61,6.81,6.26,6.46
2020-06-07,4.25,6.79,6.21,6.26
2020-06-08,4.02,6.82,6.39,6.43
2020-06-09,3.75,6.89,6.29,6.15
2020-06-10,3.61,7.10,6.43,6.05
2020-06-11,3.53,7.27,6.78,5.86
2020-06-12,3.38,7.67,6.71,6.14
2020-06-13,3.14,8.07,6.88,6.09
2020-06-14,3.08,8.31,6.93,6.10
2020-06-15,2.99,8.67,7.00,5.94
2020-06-16,2.94,9.12,7.41,5.96
2020-06-17,2.82,9.47,7.66,5.90
2020-06-18,2.69,9.78,8.14,6.03
2020-06-19,2.58,10.10,8.89,5.67
2020-06-20,2.51,10.61,9.36,5.69
2020-06-21,2.50,10.94,9.93,5.80
2020-06-22,2.54,11.41,10.50,5.93
2020-06-23,2.50,12.29,11.33,6.07
2020-06-24,2.53,13.10,11.82,6.38
2020-06-25,2.62,14.43,12.58,6.78
2020-06-26,2.65,15.67,12.77,7.00
2020-06-27,2.68,16.23,13.36,7.39
2020-06-28,2.73,17.13,13.65,7.47
2020-06-29,2.69,17.82,13.94,7.93
2020-06-30,2.79,18.27,14.49,8.31
2020-07-01,2.84,19.57,15.96,8.72
2020-07-02,2.92,20.35,16.21,8.64
2020-07-03,2.98,21.17,17.16,8.83
2020-07-04,2.90,21.83,17.09,8.83
2020-07-05,2.88,21.91,17.36,8.99
2020-07-06,2.98,22.26,18.88,9.07
2020-07-07,3.03,23.38,18.81,9.00
2020-07-08,3.08,23.65,19.00,9.36
2020-07-09,2.97,24.17,19.07,9.74
2020-07-10,2.98,24.76,19.09,10.30
2020-07-11,3.06,26.41,19.54,10.63
2020-07-12,3.12,27.79,20.14,11.11
2020-07-13,3.10,28.69,19.34,11.47
2020-07-14,3.21,29.14,19.67,11.75
2020-07-15,3.33,29.81,19.67,11.96
2020-07-16,3.37,30.17,20.24,12.13
2020-07-17,3.36,30.83,20.69,12.12
2020-07-18,3.33,30.48,21.00,12.25
2020-07-19,3.24,30.62,21.22,12.06
2020-07-20,3.31,30.83,20.94,12.41
2020-07-21,3.28,30.45,21.25,12.54
2020-07-22,3.22,30.41,21.37,12.56
2020-07-23,3.25,30.60,21.61,12.74
2020-07-24,3.50,30.24,21.19,12.93
2020-07-25,3.67,29.22,21.81,12.81
2020-07-26,3.89,28.92,21.43,13.18
2020-07-27,3.97,28.56,21.46,12.83
2020-07-28,4.06,28.42,20.79,12.84
2020-07-29,4.22,28.02,20.05,12.75
2020-07-30,4.28,27.35,19.72,12.87
2020-07-31,4.23,26.94,19.58,12.82
2020-08-01,4.16,26.99,18.48,12.98
2020-08-02,4.06,26.41,18.50,12.70
2020-08-03,3.98,25.66,18.08,12.83
2020-08-04,3.93,25.33,17.41,12.89
2020-08-05,3.78,24.78,16.60,13.03
2020-08-06,3.71,24.18,15.45,12.86
2020-08-07,3.55,23.76,15.14,12.95
2020-08-08,3.51,23.35,14.78,13.19
2020-08-09,3.53,23.00,14.47,13.26
2020-08-10,3.54,22.72,14.68,13.14
2020-08-11,3.51,22.69,16.03,13.11
2020-08-12,3.53,22.11,16.88,12.96
2020-08-13,3.69,21.64,17.08,13.12
2020-08-14,3.72,20.98,16.93,13.20
2020-08-15,3.65,20.44,17.83,13.12
2020-08-16,3.63,19.96,17.78,13.06
2020-08-17,3.63,20.03,17.34,13.06
2020-08-18,3.48,19.15,15.76,13.03
2020-08-19,3.39,18.87,14.72,13.19
2020-08-20,3.19,18.56,14.42,13.17
2020-08-21,3.18,18.12,13.76,12.90
2020-08-22,3.22,17.69,12.67,13.15
2020-08-23,3.12,17.45,12.15,13.17
2020-08-24,3.21,16.69,11.92,13.57
2020-08-25,3.25,16.50,11.88,13.72
2020-08-26,3.24,16.39,11.67,14.14
2020-08-27,3.32,16.33,11.29,14.77
2020-08-28,3.37,16.08,11.25,15.10
2020-08-29,3.42,16.09,10.86,15.15
2020-08-30,3.51,15.98,10.75,15.50
2020-08-31,3.52,16.55,10.52,15.30
2020-09-01,3.66,16.25,10.32,15.68
2020-09-02,3.78,15.99,10.05,15.43
2020-09-03,3.93,15.84,10.23,15.04
2020-09-04,3.95,15.95,10.15,15.82
2020-09-05,4.02,15.84,10.11,16.07
2020-09-06,4.07,15.86,9.84,15.81
2020-09-07,3.95,14.82,9.65,15.20
2020-09-08,3.81,14.05,9.15,15.01
2020-09-09,3.79,13.72,8.63,14.74
2020-09-10,3.67,13.43,8.12,14.56
2020-09-11,3.81,13.11,7.75,14.02
2020-09-12,3.88,13.12,7.59,13.96
2020-09-13,3.90,12.76,7.59,14.32
2020-09-14,4.08,13.27,7.62,15.13
2020-09-15,4.28,14.07,7.79,15.09
2020-09-16,4.30,14.58,8.23,15.48
2020-09-17,4.48,14.67,8.66,15.93
2020-09-18,4.37,14.72,9.02,16.35
2020-09-19,4.38,14.73,9.19,16.49
2020-09-20,4.42,14.78,9.17,16.72
2020-09-21,4.40,15.34,9.35,16.97
2020-09-22,4.30,16.51,9.60,17.22
2020-09-23,4.37,15.95,9.84,17.45
2020-09-24,4.35,15.99,9.69,17.84
2020-09-25,4.45,15.90,9.80,18.07
2020-09-26,4.54,15.78,9.85,18.11
2020-09-27,4.73,15.57,10.02,18.33
2020-09-28,4.91,15.04,10.08,18.46
2020-09-29,5.16,13.60,10.12,18.63
2020-09-30,5.33,13.91,10.06,18.89
2020-10-01,5.54,13.78,10.17,18.91
2020-10-02,5.98,13.69,10.18,18.95
2020-10-03,6.26,13.99,9.96,19.58
2020-10-04,6.34,14.16,10.04,19.11
2020-10-05,6.45,14.13,10.22,19.53
2020-10-06,6.46,14.39,10.27,19.56
2020-10-07,6.61,14.50,10.33,20.46
2020-10-08,6.94,14.96,10.73,20.85
2020-10-09,6.95,15.11,11.10,21.78
2020-10-10,7.05,15.13,11.63,22.43
2020-10-11,7.12,15.29,11.88,23.59
2020-10-12,7.45,15.50,12.07,24.26
2020-10-13,7.80,15.63,12.39,25.22
2020-10-14,7.90,15.76,12.65,25.63
2020-10-15,7.85,15.93,12.83,26.57
2020-10-16,8.06,16.49,12.71,27.60
2020-10-17,8.15,16.59,12.84,27.23
2020-10-18,8.44,16.85,12.70,27.58
2020-10-19,8.63,17.16,12.97,29.06
2020-10-20,8.78,17.27,13.34,29.98
2020-10-21,9.15,17.68,13.74,30.77
2020-10-22,9.61,18.16,13.96,31.69
2020-10-23,9.96,18.72,14.80,32.11
2020-10-24,10.60,19.16,15.60,34.30
2020-10-25,10.85,19.66,16.75,35.28
2020-10-26,11.41,19.98,17.00,35.63
2020-10-27,12.08,20.67,17.19,36.93
2020-10-28,12.65,20.89,17.45,39.01
2020-10-29,13.23,21.06,17.91,41.00
2020-10-30,13.82,20.70,18.27,43.90
2020-10-31,13.92,21.43,18.56,45.57
2020-11-01,14.36,21.19,18.56,47.41
2020-11-02,14.70,21.39,19.00,49.90
2020-11-03,15.06,22.00,19.86,52.31
2020-11-04,15.67,22.98,20.73,55.02
2020-11-05,16.41,23.69,21.73,58.47
2020-11-06,17.21,24.59,22.97,62.04
2020-11-07,18.56,25.35,24.30,65.52
2020-11-08,19.38,26.58,26.01,68.26
2020-11-09,20.48,27.22,26.97,72.67
2020-11-10,22.23,28.49,28.35,77.02
2020-11-11,24.01,29.34,29.48,80.77
2020-11-12,25.61,30.66,30.75,83.51
2020-11-13,27.69,32.34,31.68,86.53
2020-11-14,29.05,33.58,33.69,87.85
2020-11-15,30.40,34.28,34.38,89.90
2020-11-16,31.45,35.42,35.84,91.17
2020-11-17,32.08,36.72,37.19,91.08
2020-11-18,33.19,37.46,38.72,90.55
2020-11-19,34.24,38.54,40.79,90.72
2020-11-20,34.30,39.44,42.97,89.84
2020-11-21,34.98,40.08,43.78,89.08
2020-11-22,35.74,40.68,45.44,87.89
2020-11-23,36.77,40.90,45.99,87.43
2020-11-24,36.75,41.13,47.63,86.71
2020-11-25,37.05,42.21,49.23,87.31
2020-11-26,36.26,41.30,49.26,80.50
2020-11-27,37.75,39.47,47.94,77.96
2020-11-28,37.60,37.92,47.09,76.12
2020-11-29,37.68,37.79,46.34,75.18
2020-11-30,37.31,38.40,46.52,72.23
2020-12-01,38.36,40.06,46.81,71.39
2020-12-02,40.04,41.57,47.34,69.75
2020-12-03,44.50,43.62,48.77,75.16
2020-12-04,46.78,47.10,51.68,75.67
2020-12-05,50.08,49.59,54.81,76.81
2020-12-06,52.29,50.89,58.00,76.25
2020-12-07,54.53,51.57,60.50,76.70
2020-12-08,56.64,51.85,62.87,78.80
2020-12-09,57.00,52.12,65.00,77.74
2020-12-10,56.45,52.92,66.40,73.48
2020-12-11,56.58,53.37,68.48,74.67
2020-12-12,56.37,54.23,70.36,73.44
2020-12-13,56.35,55.04,70.52,72.59
2020-12-14,57.17,55.79,73.18,70.56
2020-12-15,56.41,56.15,72.21,65.61
2020-12-16,56.99,57.17,75.62,63.19
2020-12-17,56.13,58.71,79.32,64.47
2020-12-18,54.98,59.61,80.32,60.63
2020-12-19,53.63,59.61,80.59,58.64
2020-12-20,52.94,59.55,82.79,57.79
2020-12-21,51.69,59.74,82.16,56.06
2020-12-22,51.40,60.21,82.48,54.87
2020-12-23,50.83,60.63,79.74,54.61
2020-12-24,50.81,59.68,75.11,52.49
2020-12-25,48.29,55.68,75.13,46.31
2020-12-26,48.31,52.24,71.99,44.67
2020-12-27,46.46,51.29,71.15,42.81
2020-12-28,46.77,50.84,70.38,42.66
2020-12-29,46.87,52.46,69.41,42.81
2020-12-30,47.64,53.72,67.66,43.56
2020-12-31,48.96,56.45,65.77,44.89
2021-01-01,50.19,61.02,68.80,45.53
2021-01-02,53.05,63.27,74.34,48.74
2021-01-03,54.31,66.21,77.02,49.65
2021-01-04,53.37,67.87,73.85,50.25
2021-01-05,54.27,68.92,76.85,50.94
2021-01-06,55.46,70.14,77.26,51.46
2021-01-07,56.65,70.78,82.00,51.96
2021-01-08,60.66,73.10,81.70,57.65
2021-01-09,60.62,77.08,82.10,55.69
2021-01-10,62.62,77.93,82.17,55.43
2021-01-11,64.52,78.01,86.64,54.93
2021-01-12,64.92,76.30,85.74,53.75
2021-01-13,64.34,74.17,86.26,51.25
2021-01-14,61.72,72.54,84.78,48.80
2021-01-15,59.72,70.86,81.54,46.05
2021-01-16,57.47,69.49,78.42,44.39
2021-01-17,56.14,68.34,75.53,43.18
2021-01-18,54.69,66.44,72.61,40.94
2021-01-19,52.59,62.93,69.09,39.19
2021-01-20,49.97,62.70,65.71,38.02
2021-01-21,49.29,61.46,62.49,37.10
2021-01-22,47.49,59.94,58.65,35.94
2021-01-23,46.87,58.19,54.55,35.32
2021-01-24,45.89,56.18,51.00,34.60
2021-01-25,45.48,55.13,50.11,34.07
2021-01-26,44.64,56.75,48.31,33.06
2021-01-27,43.96,54.86,47.40,31.86
2021-01-28,43.59,53.37,45.63,30.71
2021-01-29,43.46,52.28,44.14,29.36
2021-01-30,42.32,51.45,42.65,28.09
2021-01-31,41.36,50.22,40.95,27.25
2021-02-01,39.71,52.25,38.51,26.39
2021-02-02,38.59,51.18,37.12,25.80
2021-02-03,35.88,49.17,35.02,24.92
2021-02-04,33.19,47.78,34.28,24.06
2021-02-05,31.42,45.68,32.55,23.20
2021-02-06,30.54,44.17,30.77,22.82
2021-02-07,30.45,43.19,29.32,22.31
2021-02-08,29.59,39.55,27.89,21.38
2021-02-09,29.21,37.19,27.27,20.94
2021-02-10,29.78,36.01,26.67,20.35
2021-02-11,30.03,34.51,25.11,19.62
2021-02-12,28.94,33.30,23.80,18.90
2021-02-13,27.75,32.28,22.81,18.09
2021-02-14,26.25,31.30,21.42,17.68
2021-02-15,25.29,30.24,20.30,17.24
2021-02-16,24.42,27.94,19.01,16.51
2021-02-17,24.08,25.74,17.78,15.55
2021-02-18,23.18,23.63,16.89,14.85
2021-02-19,22.60,21.93,16.14,14.48
2021-02-20,21.87,20.65,15.54,14.38
2021-02-21,21.35,20.03,15.11,14.25
2021-02-22,21.30,19.97,14.83,14.18
2021-02-23,21.54,21.38,14.55,14.39
2021-02-24,21.41,22.03,14.90,14.46
2021-02-25,21.62,22.44,14.71,14.46
2021-02-26,21.93,22.63,14.36,14.20
2021-02-27,22.42,23.01,13.89,13.86
2021-02-28,22.57,22.90,13.33,13.70
2021-03-01,22.85,22.62,12.96,13.57
2021-03-02,22.23,21.48,12.54,13.27
2021-03-03,22.15,21.08,12.10,13.21
2021-03-04,21.88,20.75,11.69,13.13
2021-03-05,21.69,20.15,11.47,12.78
2021-03-06,21.40,19.08,11.32,13.05
2021-03-07,21.25,18.36,11.13,13.00
2021-03-08,20.67,17.78,11.08,12.91
2021-03-09,21.36,17.27,11.11,13.16
2021-03-10,21.20,16.61,11.45,13.33
2021-03-11,21.22,15.94,11.56,13.32
2021-03-12,21.55,15.80,11.34,13.59
2021-03-13,21.51,15.55,10.92,13.46
2021-03-14,21.80,15.84,10.62,13.67
2021-03-15,22.11,15.76,10.42,13.91
2021-03-16,22.18,15.64,10.06,14.21
2021-03-17,22.64,15.68,9.26,14.22
2021-03-18,23.16,15.75,8.91,14.79
2021-03-19,23.32,15.37,8.66,15.21
2021-03-20,24.23,15.44,8.75,15.55
2021-03-21,24.56,14.87,8.80,15.87
2021-03-22,24.86,14.97,8.60,16.63
2021-03-23,25.43,15.01,8.85,16.97
2021-03-24,26.23,14.87,8.87,18.20
2021-03-25,26.60,14.74,8.69,18.76
2021-03-26,27.71,15.11,8.62,19.82
2021-03-27,27.80,15.07,8.73,20.47
2021-03-28,28.57,15.28,8.76,20.97
2021-03-29,29.43,15.50,9.05,21.56
2021-03-30,30.22,15.20,9.05,22.41
2021-03-31,30.14,15.38,9.18,22.39
2021-04-01,30.85,15.48,9.36,23.16
2021-04-02,30.44,15.15,9.49,23.16
2021-04-03,30.74,14.84,9.77,23.53
2021-04-04,30.02,14.64,9.78,23.17
2021-04-05,29.91,14.24,9.83,23.68
2021-04-06,29.23,14.52,9.72,24.32
2021-04-07,29.31,14.65,9.89,24.98
2021-04-08,28.86,14.81,9.99,25.35
2021-04-09,29.16,15.05,10.06,25.91
2021-04-10,28.79,15.49,10.22,26.22
2021-04-11,29.21,15.34,10.73,27.15
2021-04-12,28.46,16.11,10.78,27.18
2021-04-13,29.23,16.71,11.09,26.86
2021-04-14,29.35,16.51,11.13,26.47
2021-04-15,29.23,16.51,11.08,25.97
2021-04-16,28.69,16.51,11.18,25.36
2021-04-17,28.89,16.85,10.77,27.06
2021-04-18,28.46,17.14,10.51,26.52
2021-04-19,27.73,16.52,10.32,23.40
2021-04-20,26.29,15.96,10.28,22.69
2021-04-21,25.27,16.01,10.36,21.95
2021-04-22,24.42,15.55,10.70,21.25
2021-04-23,23.30,15.56,10.55,20.73
2021-04-24,22.08,14.89,10.36,18.09
2021-04-25,21.46,14.62,10.22,17.66
2021-04-26,20.49,14.40,10.47,19.52
2021-04-27,19.68,14.25,10.40,19.20
2021-04-28,18.79,14.00,10.25,18.94
2021-04-29,18.17,13.97,9.91,18.82
2021-04-30,17.69,13.58,9.93,18.51
2021-05-01,16.91,13.46,10.23,18.44
2021-05-02,16.36,13.37,10.16,18.34
2021-05-03,16.31,13.13,9.96,17.85
2021-05-04,15.77,12.81,9.93,17.36
2021-05-05,15.47,12.34,9.73,16.80
2021-05-06,14.55,11.86,9.61,15.98
2021-05-07,13.60,11.43,9.60,15.50
2021-05-08,13.05,11.06,9.30,14.72
2021-05-09,12.34,10.79,9.13,14.21
2021-05-10,11.80,10.46,8.96,13.74
2021-05-11,11.32,10.10,8.72,13.17
2021-05-12,10.37,9.91,8.62,12.69
2021-05-13,9.81,10.23,8.60,12.17
2021-05-14,9.07,10.01,8.42,11.47
2021-05-15,8.80,9.73,8.09,11.17
2021-05-16,8.48,9.47,7.93,10.87
2021-05-17,8.37,9.34,7.74,10.44
2021-05-18,7.99,9.19,7.53,10.15
2021-05-19,7.62,8.83,7.28,9.75
2021-05-20,7.23,7.94,6.96,9.56
2021-05-21,7.19,7.58,6.62,9.22
2021-05-22,6.61,7.33,6.46,8.81
2021-05-23,6.41,7.19,6.15,8.53
2021-05-24,6.15,7.02,5.97,8.31
2021-05-25,5.79,6.95,6.19,7.87
2021-05-26,5.55,6.74,6.29,7.54
2021-05-27,5.19,6.54,6.31,6.97
2021-05-28,4.66,6.35,6.90,6.51
2021-05-29,4.31,6.12,6.67,6.15
2021-05-30,4.06,5.96,6.73,5.86
2021-05-31,3.87,5.74,6.66,5.42
2021-06-01,3.47,4.84,6.01,4.96
2021-06-02,3.18,4.65,5.67,4.45
2021-06-03,2.90,4.57,5.36,4.41
2021-06-04,2.78,4.57,4.50,4.21
2021-06-05,2.74,4.60,4.49,4.05
2021-06-06,2.64,4.57,4.42,3.98
2021-06-07,2.61,4.62,4.44,3.97
2021-06-08,2.66,4.92,4.74,4.09
2021-06-09,2.52,5.39,4.68,4.07
2021-06-10,2.46,5.37,4.63,3.72
2021-06-11,2.27,5.11,4.53,3.55
2021-06-12,2.08,4.96,4.53,3.49
2021-06-13,1.97,4.87,4.41,3.44
2021-06-14,1.90,4.81,4.36,3.34
2021-06-15,1.83,4.78,4.27,3.27
2021-06-16,1.77,4.20,4.21,3.21
2021-06-17,1.67,4.08,4.17,3.09
2021-06-18,1.61,3.95,4.16,2.97
2021-06-19,1.54,4.05,4.10,2.92
2021-06-20,1.49,4.09,4.14,2.91
2021-06-21,1.42,4.12,4.19,2.92
2021-06-22,1.35,4.20,4.20,2.95
2021-06-23,1.33,4.16,4.34,3.02
2021-06-24,1.32,4.25,4.54,3.08
2021-06-25,1.31,4.41,4.76,3.15
2021-06-26,1.29,4.46,4.88,3.14
2021-06-27,1.30,4.53,5.08,3.10
2021-06-28,1.32,4.66,5.11,3.19
2021-06-29,1.30,4.81,5.19,3.28
2021-06-30,1.27,5.13,4.25,3.32
2021-07-01,1.22,5.35,4.29,3.56
2021-07-02,1.24,5.62,4.23,3.51
2021-07-03,1.24,5.71,3.92,3.66
2021-07-04,1.24,5.83,3.54,3.83
2021-07-05,1.23,5.85,3.29,3.81
2021-07-06,1.20,5.85,4.11,3.85
2021-07-07,1.25,6.32,5.05,4.06
2021-07-08,1.33,7.06,5.12,4.35
2021-07-09,1.44,7.72,5.43,4.84
2021-07-10,1.51,8.34,5.64,4.91
2021-07-11,1.60,8.88,5.84,4.85
2021-07-12,1.67,9.67,7.61,5.33
2021-07-13,1.93,10.95,7.56,5.82
2021-07-14,2.08,11.88,8.36,6.32
2021-07-15,2.28,12.69,8.99,6.53
2021-07-16,2.40,13.69,9.59,6.87
2021-07-17,2.61,14.58,9.73,7.16
2021-07-18,2.81,15.41,9.91,7.53
2021-07-19,2.97,16.21,11.15,7.71
2021-07-20,3.22,17.32,11.61,8.21
2021-07-21,3.55,19.13,12.09,8.64
2021-07-22,3.85,21.02,13.74,9.31
2021-07-23,4.21,22.97,14.63,9.88
2021-07-24,4.52,24.79,14.97,10.24
2021-07-25,4.80,25.97,15.25,10.57
2021-07-26,5.03,27.53,16.90,11.00
2021-07-27,5.43,30.19,17.78,11.80
2021-07-28,5.73,32.32,18.35,12.57
2021-07-29,6.22,34.53,18.74,13.28
2021-07-30,6.68,37.22,19.62,14.02
2021-07-31,7.23,39.40,19.94,14.61
2021-08-01,7.67,40.70,20.28,15.08
2021-08-02,8.13,42.11,22.70,15.62
2021-08-03,8.72,43.56,23.26,16.73
2021-08-04,9.28,46.03,24.85,17.51
2021-08-05,9.87,47.87,25.87,18.23
2021-08-06,10.43,48.91,27.18,18.81
2021-08-07,11.01,50.96,30.03,19.40
2021-08-08,11.35,52.64,32.95,19.94
2021-08-09,11.69,53.62,29.17,20.29
2021-08-10,11.95,55.49,29.79,20.82
2021-08-11,12.58,56.45,29.77,21.95
2021-08-12,13.18,58.00,30.14,22.92
2021-08-13,13.63,59.10,30.64,24.04
2021-08-14,14.09,60.31,31.44,24.47
2021-08-15,14.55,61.09,31.82,25.03
2021-08-16,14.87,62.12,32.22,25.59
2021-08-17,15.39,62.97,32.70,26.32
2021-08-18,15.63,64.53,34.13,26.49
2021-08-19,16.16,65.14,36.72,26.81
2021-08-20,16.66,66.32,37.09,27.68
2021-08-21,16.90,66.13,37.12,28.22
2021-08-22,17.07,67.12,37.61,28.61
2021-08-23,17.37,67.95,37.67,29.21
2021-08-24,17.52,68.56,38.05,30.01
2021-08-25,17.94,68.94,37.87,31.20
2021-08-26,18.04,70.16,36.83,32.42
2021-08-27,18.81,71.03,37.25,33.24
2021-08-28,19.15,71.02,37.86,33.95
2021-08-29,19.52,69.83,37.41,34.51
2021-08-30,19.82,70.48,38.66,35.32
2021-08-31,20.16,71.49,38.46,36.40
2021-09-01,20.36,71.49,41.17,37.48
2021-09-02,20.91,70.45,41.20,38.29
2021-09-03,20.56,70.42,40.93,38.95
2021-09-04,20.95,69.91,39.81,39.21
2021-09-05,21.07,70.14,40.26,39.72
2021-09-06,21.17,68.71,38.93,39.15
2021-09-07,20.21,64.27,37.82,36.86
2021-09-08,20.74,63.34,34.11,36.63
2021-09-09,20.75,63.76,33.09,37.06
2021-09-10,21.48,61.92,32.78,38.14
2021-09-11,21.86,62.08,33.72,38.83
2021-09-12,22.51,61.33,32.79,38.84
2021-09-13,22.68,61.21,32.65,39.66
2021-09-14,23.90,62.97,34.47,42.81
2021-09-15,24.12,61.47,34.79,43.50
2021-09-16,25.14,58.75,35.28,43.78
2021-09-17,25.39,57.62,35.03,43.09
2021-09-18,25.40,55.06,33.87,42.74
2021-09-19,25.41,53.11,33.56,42.74
2021-09-20,25.21,51.22,33.08,42.71
2021-09-21,25.47,48.92,31.69,42.38
2021-09-22,25.07,46.83,31.13,41.15
2021-09-23,24.29,44.57,30.73,40.34
2021-09-24,24.10,42.54,30.17,39.65
2021-09-25,23.96,41.05,28.51,38.99
2021-09-26,23.53,40.20,27.03,38.62
2021-09-27,23.68,39.53,30.22,38.01
2021-09-28,23.57,38.12,29.71,37.81
2021-09-29,23.69,36.23,29.96,37.63
2021-09-30,23.31,35.24,29.66,37.28
2021-10-01,22.98,33.77,29.80,37.60
2021-10-02,22.25,32.53,29.65,37.80
2021-10-03,22.82,31.62,29.29,37.69
2021-10-04,22.81,30.45,28.32,37.81
2021-10-05,22.31,29.01,28.27,38.03
2021-10-06,22.43,28.26,27.71,38.12
2021-10-07,22.82,27.37,27.14,37.95
2021-10-08,23.10,26.39,26.61,37.69
2021-10-09,23.63,25.52,26.44,36.71
2021-10-10,22.69,25.02,26.43,36.79
2021-10-11,22.68,24.17,25.97,36.12
2021-10-12,22.75,23.64,25.54,35.13
2021-10-13,22.62,22.62,25.39,34.93
2021-10-14,22.38,21.48,25.03,34.22
2021-10-15,22.24,20.55,24.64,33.24
2021-10-16,22.07,19.91,24.52,33.21
2021-10-17,22.20,19.36,24.36,32.18
2021-10-18,21.87,19.06,24.27,31.80
2021-10-19,21.72,18.29,24.56,31.11
2021-10-20,21.11,17.39,24.09,29.80
2021-10-21,20.74,16.68,24.57,29.20
2021-10-22,20.02,16.13,24.85,28.40
2021-10-23,19.28,15.37,24.17,25.87
2021-10-24,18.41,14.93,23.33,23.96
2021-10-25,19.10,14.79,21.73,28.19
2021-10-26,18.70,15.42,25.25,27.91
2021-10-27,18.75,15.24,26.38,28.52
2021-10-28,18.61,14.97,26.34,28.13
2021-10-29,19.27,14.64,26.53,29.11
2021-10-30,19.17,14.56,26.39,29.24
2021-10-31,19.40,14.34,26.65,29.11
2021-11-01,19.79,14.22,30.41,29.76
2021-11-02,19.97,12.80,26.92,30.49
2021-11-03,20.01,12.60,25.99,30.88
2021-11-04,20.58,12.25,26.34,32.00
2021-11-05,20.49,11.97,26.57,32.80
2021-11-06,20.84,11.80,26.89,32.69
2021-11-07,21.17,11.85,27.05,33.10
2021-11-08,21.68,11.60,27.17,34.56
2021-11-09,22.29,11.92,27.25,35.16
2021-11-10,23.15,11.97,27.64,36.60
2021-11-11,23.08,11.92,25.80,35.66
2021-11-12,24.56,12.19,25.68,40.91
2021-11-13,25.31,12.38,27.79,41.34
2021-11-14,25.93,12.47,27.64,41.21
2021-11-15,27.15,12.84,25.76,45.21
2021-11-16,28.22,12.78,25.79,47.28
2021-11-17,29.26,13.01,25.80,48.80
2021-11-18,31.43,13.57,27.16,52.52
2021-11-19,31.92,13.88,26.79,50.41
2021-11-20,32.39,13.94,24.76,50.60
2021-11-21,32.93,13.99,24.69,50.64
2021-11-22,34.15,13.99,25.67,50.87
2021-11-23,34.49,14.19,25.36,51.36
2021-11-24,35.27,13.91,24.78,52.34
2021-11-25,34.02,13.49,22.55,48.00
2021-11-26,33.95,12.25,21.34,45.14
2021-11-27,33.08,11.75,21.67,47.58
2021-11-28,32.83,11.84,22.51,50.45
2021-11-29,32.16,11.65,18.85,44.72
2021-11-30,33.07,12.24,19.04,46.65
2021-12-01,34.61,13.03,19.50,48.34
2021-12-02,38.60,14.26,22.10,54.73
2021-12-03,41.64,16.27,23.80,61.02
2021-12-04,44.45,17.95,23.50,59.13
2021-12-05,46.06,18.64,22.61,56.78
2021-12-06,48.99,19.77,27.05,65.82
2021-12-07,50.43,19.71,27.30,65.37
2021-12-08,50.94,19.84,26.78,64.43
2021-12-09,50.84,19.85,25.87,64.06
2021-12-10,51.84,20.02,24.71,60.91
2021-12-11,52.30,19.59,24.14,61.29
2021-12-12,52.84,19.45,24.01,61.29
2021-12-13,54.11,19.94,22.77,60.57
2021-12-14,54.22,20.16,21.97,59.89
2021-12-15,54.40,21.45,21.76,60.00
2021-12-16,55.39,22.89,21.23,60.43
2021-12-17,55.70,23.89,21.83,62.01
2021-12-18,56.57,25.66,22.08,62.59
2021-12-19,57.78,27.59,22.33,63.13
2021-12-20,59.40,32.06,24.24,64.91
2021-12-21,62.84,36.62,25.11,66.05
2021-12-22,67.40,41.17,26.97,68.97
2021-12-23,73.49,47.36,30.58,69.58
2021-12-24,79.45,53.59,33.26,67.49
2021-12-25,80.04,56.99,34.88,64.64
2021-12-26,86.78,60.57,35.41,66.96
2021-12-27,91.33,69.55,40.89,76.23
2021-12-28,95.91,77.07,49.94,82.10
2021-12-29,109.01,88.68,54.52,89.62
2021-12-30,124.30,103.56,64.04,97.32
2021-12-31,138.31,114.18,73.82,102.50
2022-01-01,154.33,126.14,76.64,102.46
2022-01-02,159.67,135.66,78.21,105.94
2022-01-03,175.62,156.70,92.73,129.26
2022-01-04,189.56,168.94,117.76,136.68
2022-01-05,202.49,178.42,128.95,144.70
2022-01-06,208.92,186.34,140.50,155.05
2022-01-07,219.15,200.33,160.27,176.87
2022-01-08,224.81,207.98,163.69,184.23
2022-01-09,230.86,211.75,170.08,181.49
2022-01-10,245.72,212.77,220.16,187.16
2022-01-11,243.49,217.85,223.29,194.53
2022-01-12,236.78,224.08,238.75,200.51
2022-01-13,230.96,228.34,258.52,202.03
2022-01-14,218.81,228.66,262.38,206.87
2022-01-15,207.32,229.72,265.34,214.60
2022-01-16,201.77,230.84,265.47,215.16
2022-01-17,169.70,224.86,253.35,208.28
2022-01-18,175.20,221.85,258.21,217.95
2022-01-19,160.67,217.00,258.33,227.98
2022-01-20,149.09,211.06,257.47,225.73
2022-01-21,140.60,207.71,258.90,221.74
2022-01-22,133.85,200.78,258.09,212.69
2022-01-23,123.41,199.40,257.58,210.87
2022-01-24,127.26,195.97,269.01,210.90
2022-01-25,105.55,190.02,245.85,192.26
2022-01-26,100.65,180.71,240.36,172.53
2022-01-27,94.49,172.36,230.15,164.03
2022-01-28,87.80,162.88,216.31,150.58
2022-01-29,83.39,156.22,212.76,148.66
2022-01-30,78.69,145.74,210.09,146.79
2022-01-31,69.02,134.47,178.74,122.53
2022-02-01,63.76,125.33,169.45,114.50
2022-02-02,58.75,117.28,151.75,104.33
2022-02-03,52.46,108.44,139.83,94.02
2022-02-04,45.77,98.40,126.69,80.43
2022-02-05,41.12,91.25,122.85,77.68
2022-02-06,38.62,88.78,118.77,76.74
2022-02-07,36.71,80.99,93.29,63.88
2022-02-08,35.13,74.66,92.78,57.26
2022-02-09,32.62,68.27,92.55,49.42
2022-02-10,29.96,61.21,74.60,47.30
2022-02-11,27.93,56.27,68.00,42.33
2022-02-12,28.32,53.57,66.18,41.48
2022-02-13,28.41,49.49,64.98,40.80
2022-02-14,24.53,44.52,56.20,38.52
2022-02-15,23.89,41.64,48.48,34.86
2022-02-16,22.27,38.63,41.01,31.96
2022-02-17,21.03,35.53,38.69,27.74
2022-02-18,20.32,32.48,35.87,26.45
2022-02-19,19.43,30.49,35.00,26.26
2022-02-20,19.40,28.91,34.89,26.12
2022-02-21,17.67,26.87,23.88,17.87
2022-02-22,16.83,24.81,29.14,17.91
2022-02-23,16.12,23.13,27.32,17.07
2022-02-24,14.58,21.46,27.68,16.04
2022-02-25,13.55,19.55,26.94,15.30
2022-02-26,13.20,18.40,26.36,15.27
2022-02-27,12.48,17.65,25.92,15.20
2022-02-28,12.73,16.34,30.93,16.52
2022-03-01,12.01,15.35,22.17,13.92
2022-03-02,11.28,14.33,21.87,12.47
2022-03-03,11.17,13.20,20.26,11.70
2022-03-04,10.37,12.25,17.99,10.16
2022-03-05,9.63,11.76,17.38,10.03
2022-03-06,9.25,11.37,16.62,9.97
2022-03-07,9.68,11.09,14.49,9.14
2022-03-08,9.17,10.53,14.14,8.54
2022-03-09,8.77,10.16,14.01,8.14
2022-03-10,8.24,9.87,12.90,7.89
2022-03-11,8.07,9.83,12.30,7.64
2022-03-12,8.15,9.58,12.32,7.58
2022-03-13,8.22,9.58,12.34,7.57
2022-03-14,7.55,8.72,11.63,6.83
2022-03-15,7.61,8.38,11.27,6.51
2022-03-16,7.60,8.18,10.62,6.11
2022-03-17,7.88,7.93,9.62,6.15
2022-03-18,7.89,7.29,9.49,6.08
2022-03-19,8.03,7.10,9.39,5.96
2022-03-20,8.02,7.21,9.31,5.89
2022-03-21,8.00,7.08,9.86,5.82
2022-03-22,7.97,7.17,9.74,5.79
2022-03-23,8.25,6.79,9.73,5.63
2022-03-24,8.50,6.36,9.58,6.17
2022-03-25,8.48,6.50,9.20,5.84
2022-03-26,8.52,6.45,9.17,5.84
2022-03-27,8.76,6.21,9.19,5.84
2022-03-28,9.26,6.14,7.57,5.99
2022-03-29,9.48,5.85,7.48,5.94
2022-03-30,9.49,5.73,8.11,6.04
2022-03-31,9.67,5.81,8.32,5.86
2022-04-01,10.19,5.31,8.45,5.97
2022-04-02,10.49,5.32,8.43,5.96
2022-04-03,10.27,5.39,8.43,5.96
2022-04-04,10.87,5.55,7.18,5.46
2022-04-05,11.32,5.63,8.88,5.26
2022-04-06,11.78,5.62,8.55,5.94
2022-04-07,12.38,5.75,7.58,5.83
2022-04-08,13.02,6.02,8.60,6.63
2022-04-09,13.41,6.11,8.68,6.63
2022-04-10,14.38,6.21,8.74,6.63
2022-04-11,14.83,6.53,8.78,7.11
2022-04-12,15.69,6.55,6.99,7.22
2022-04-13,16.54,6.83,5.66,8.14
2022-04-14,17.46,7.04,9.27,8.81
2022-04-15,18.29,7.42,8.71,8.76
2022-04-16,18.75,7.54,8.79,8.76
2022-04-17,18.76,7.61,8.85,8.76
2022-04-18,18.00,7.62,9.06,9.36
2022-04-19,19.45,7.89,11.79,9.56
2022-04-20,19.59,8.40,11.98,10.80
2022-04-21,19.64,8.52,8.73,11.49
2022-04-22,19.90,8.63,11.90,12.27
2022-04-23,20.16,8.85,12.28,12.48
2022-04-24,20.52,9.04,12.33,12.48
2022-04-25,22.51,9.03,12.51,13.29
2022-04-26,21.64,9.53,14.07,13.67
2022-04-27,22.79,10.22,14.50,14.69
2022-04-28,23.97,10.39,14.87,15.41
2022-04-29,24.71,10.66,15.08,16.76
2022-04-30,25.44,10.89,14.91,16.54
2022-05-01,25.74,11.05,14.99,16.54
2022-05-02,26.91,11.67,15.10,17.07
2022-05-03,27.65,11.27,16.25,17.43
2022-05-04,28.20,12.11,17.05,19.45
2022-05-05,29.22,12.97,17.54,20.11
2022-05-06,30.55,13.43,18.23,20.48
2022-05-07,30.51,13.39,18.61,20.48
2022-05-08,30.72,13.32,18.64,20.48
2022-05-09,33.40,15.21,19.01,22.24
2022-05-10,34.51,16.15,20.45,23.51
2022-05-11,35.85,16.92,21.00,25.42
2022-05-12,37.41,17.19,21.38,27.02
2022-05-13,37.00,18.59,21.93,28.29
2022-05-14,35.52,19.42,21.92,28.29
2022-05-15,37.66,20.23,22.07,28.29
2022-05-16,39.57,20.10,22.34,29.18
2022-05-17,40.62,20.76,25.73,28.93
2022-05-18,40.67,21.89,26.86,29.57
2022-05-19,40.08,22.87,26.87,30.54
2022-05-20,41.51,23.02,32.63,29.59
2022-05-21,42.84,23.51,32.20,29.59
2022-05-22,40.41,24.00,32.50,29.59
2022-05-23,38.96,24.68,32.56,28.80
2022-05-24,37.89,25.15,33.63,28.61
2022-05-25,36.88,25.77,35.01,28.41
2022-05-26,36.10,26.21,35.53,28.09
2022-05-27,34.27,26.52,34.92,29.33
2022-05-28,32.83,26.88,35.30,29.33
2022-05-29,30.85,27.12,35.13,29.33
2022-05-30,26.51,25.69,34.11,25.58
2022-05-31,27.97,26.19,35.14,27.26
2022-06-01,27.10,25.99,35.19,25.87
2022-06-02,25.49,26.42,35.40,26.10
2022-06-03,25.54,26.99,34.40,24.47
2022-06-04,26.22,27.25,34.63,25.53
2022-06-05,27.59,27.49,34.72,25.53
2022-06-06,28.24,28.97,36.01,29.71
2022-06-07,25.43,29.24,38.04,28.02
2022-06-08,24.51,29.88,38.51,27.74
2022-06-09,23.41,30.06,39.01,26.74
2022-06-10,21.96,29.47,41.62,27.67
2022-06-11,21.38,29.41,41.31,26.61
2022-06-12,21.00,29.27,41.21,26.61
2022-06-13,20.38,29.47,41.38,25.00
2022-06-14,19.54,29.32,40.32,24.60
2022-06-15,19.06,29.77,40.20,24.06
2022-06-16,18.71,29.50,39.69,23.72
2022-06-17,18.26,29.37,36.53,23.36
2022-06-18,18.09,29.23,36.55,23.36
2022-06-19,18.09,28.92,36.52,23.36
2022-06-20,15.28,27.81,35.22,21.10
2022-06-21,16.81,29.95,35.92,25.24
2022-06-22,16.85,30.40,35.73,22.62
2022-06-23,16.91,30.95,36.13,21.91
2022-06-24,17.16,32.20,40.31,22.42
2022-06-25,17.31,32.84,40.62,22.42
2022-06-26,16.91,33.74,40.70,22.42
2022-06-27,19.42,35.39,42.07,24.81
2022-06-28,17.43,33.74,41.33,23.55
2022-06-29,18.40,34.61,41.76,23.60
2022-06-30,18.73,35.31,41.72,24.12
2022-07-01,18.52,35.62,42.22,24.45
2022-07-02,18.89,36.04,42.02,24.45
2022-07-03,18.87,36.21,41.99,24.45
2022-07-04,16.84,34.23,40.39,21.12
2022-07-05,18.58,34.36,41.54,21.45
2022-07-06,17.42,33.86,41.97,21.99
2022-07-07,16.73,34.11,41.63,24.10
2022-07-08,18.49,34.41,39.42,24.18
2022-07-09,18.64,35.17,39.41,24.18
2022-07-10,19.49,35.81,39.45,24.18
2022-07-11,20.77,39.42,41.01,28.11
2022-07-12,19.88,40.19,42.62,28.29
2022-07-13,20.05,42.10,41.42,27.91
2022-07-14,22.52,42.16,41.47,29.44
2022-07-15,20.19,42.52,45.24,29.51
2022-07-16,21.01,42.40,45.21,29.51
2022-07-17,21.02,42.32,45.10,29.51
2022-07-18,21.07,41.29,44.92,29.57
2022-07-19,20.79,41.24,43.79,29.79
2022-07-20,21.14,41.46,44.21,29.40
2022-07-21,22.15,41.73,44.18,30.13
2022-07-22,23.10,41.96,42.64,30.58
2022-07-23,22.36,41.93,42.45,30.58
2022-07-24,22.52,41.88,42.39,30.58
2022-07-25,22.50,42.18,42.19,31.31
2022-07-26,22.58,41.85,40.68,31.63
2022-07-27,23.11,41.91,40.33,32.11
2022-07-28,23.01,41.45,39.59,33.10
2022-07-29,23.47,41.16,37.03,33.05
2022-07-30,23.43,39.53,36.94,33.05
2022-07-31,23.20,37.97,36.86,33.05
2022-08-01,23.18,39.78,36.90,32.30
2022-08-02,23.22,39.79,35.45,32.31
2022-08-03,22.51,39.11,34.95,32.27
2022-08-04,22.19,38.48,34.88,31.22
2022-08-05,21.36,38.02,33.28,31.15
2022-08-06,21.15,37.63,33.22,31.15
2022-08-07,21.03,37.37,33.09,31.15
2022-08-08,20.88,35.88,32.44,30.74
2022-08-09,20.66,35.36,30.09,29.66
2022-08-10,20.28,35.03,29.28,29.34
2022-08-11,20.33,34.59,29.00,29.28
2022-08-12,20.14,34.32,27.99,28.13
2022-08-13,19.90,34.17,27.92,28.13
2022-08-14,19.67,33.92,27.90,28.13
2022-08-15,19.40,33.73,27.87,27.31
2022-08-16,18.79,33.10,26.37,28.89
2022-08-17,18.55,31.99,25.82,28.19
2022-08-18,17.19,32.05,25.42,27.51
2022-08-19,16.77,31.56,24.57,27.82
2022-08-20,16.63,31.46,24.48,27.82
2022-08-21,16.60,31.48,24.43,27.82
2022-08-22,14.90,31.09,24.26,28.06
2022-08-23,14.18,31.48,23.23,26.98
2022-08-24,17.66,31.47,22.39,27.31
2022-08-25,17.68,31.27,22.20,27.23
2022-08-26,16.77,31.08,21.75,26.48
2022-08-27,16.72,31.03,21.96,26.48
2022-08-28,16.62,31.05,21.91,26.48
2022-08-29,16.63,30.81,21.86,26.29
2022-08-30,16.50,31.61,20.65,26.37
2022-08-31,16.66,30.61,20.40,26.45
2022-09-01,16.48,30.14,20.32,26.21
2022-09-02,16.11,29.74,19.31,26.27
2022-09-03,16.30,29.36,19.02,26.27
2022-09-04,16.25,29.16,19.01,26.27
2022-09-05,15.94,25.07,18.31,23.56
2022-09-06,15.66,25.81,17.83,23.64
2022-09-07,15.08,23.87,16.77,23.00
2022-09-08,14.53,22.83,16.62,21.72
2022-09-09,14.87,22.05,13.78,21.34
2022-09-10,14.72,21.82,13.76,21.34
2022-09-11,14.83,21.40,13.74,21.34
2022-09-12,14.94,23.96,14.24,23.15
2022-09-13,15.91,20.36,8.97,22.26
2022-09-14,16.47,20.07,9.28,21.52
2022-09-15,16.51,18.78,13.86,21.24
2022-09-16,17.39,18.30,11.04,20.40
2022-09-17,17.47,17.74,11.07,20.40
2022-09-18,17.42,17.65,11.06,20.40
2022-09-19,17.56,16.61,10.81,19.74
2022-09-20,17.22,16.13,10.78,19.23
2022-09-21,18.03,15.09,11.06,18.94
2022-09-22,19.37,14.78,11.62,17.95
2022-09-23,18.99,14.03,11.94,17.61
2022-09-24,19.08,13.77,11.99,17.61
2022-09-25,19.14,13.29,11.98,17.61
2022-09-26,19.29,12.71,11.95,17.15
2022-09-27,19.00,12.23,11.86,16.58
2022-09-28,17.79,11.46,11.67,15.63
2022-09-29,17.58,10.95,11.35,14.56
2022-09-30,17.36,10.74,11.29,13.81
2022-10-01,17.24,10.44,11.20,13.81
2022-10-02,17.25,10.34,11.20,13.81
2022-10-03,17.34,9.97,11.15,13.40
2022-10-04,17.21,9.89,11.15,13.13
2022-10-05,16.30,9.66,11.24,13.81
2022-10-06,16.02,9.66,10.67,13.15
2022-10-07,15.81,9.36,10.60,12.93
2022-10-08,15.72,9.33,10.56,12.93
2022-10-09,15.63,9.28,10.53,12.93
2022-10-10,15.35,8.97,10.35,12.25
2022-10-11,15.35,8.84,10.45,12.60
2022-10-12,15.45,8.82,9.90,12.10
2022-10-13,15.06,8.66,9.22,12.53
2022-10-14,15.05,8.31,8.76,12.38
2022-10-15,14.83,8.25,8.49,12.38
2022-10-16,14.85,8.23,8.31,12.38
2022-10-17,15.18,8.20,8.77,13.05
2022-10-18,15.26,7.74,8.49,12.66

(1001 rows affected)


Completion time: 2023-04-19T18:05:08.7913918-04:00
